{"cameraMode":{"drawMode":0,"name":"Shaded","section":"Shading Mode"},"sceneLighting":true,"audioPlay":false,"sceneViewState":{"showFog":true,"showMaterialUpdate":false,"showSkybox":true,"showFlares":true,"showImageEffects":true,"showParticleSystems":true},"in2DMode":false,"pivot":{"x":245.92079162597657,"y":13.562230110168457,"z":258.22021484375},"rotation":{"x":0.2641403377056122,"y":0.6220235824584961,"z":-0.23519733548164369,"w":0.6985691785812378},"size":3.510753631591797,"orthographic":false}